province;red;green;blue;x;x
1;102;202;252;newprov 0;x
2;88;252;252;newprov 1;x
3;87;222;252;newprov 2;x
4;116;203;203;newprov 3;x
5;86;202;252;newprov 4;x
6;92;252;252;newprov 5;x
7;91;222;252;newprov 6;x
8;79;222;252;newprov 7;x
9;72;252;252;newprov 8;x
10;74;202;252;newprov 9;x
11;75;222;252;newprov 10;x
12;62;202;252;newprov 11;x
13;59;222;252;newprov 12;x
14;121;201;201;newprov 13;x
15;126;233;253;newprov 14;x
16;100;251;251;newprov 15;x
17;103;221;251;newprov 16;x
18;101;202;202;newprov 17;x
19;181;16;12;newprov 18;x
20;144;160;128;newprov 19;x
21;94;202;252;newprov 20;x
22;58;202;252;newprov 21;x
23;92;251;251;newprov 22;x
24;100;252;252;newprov 23;x
25;93;201;201;newprov 24;x
26;176;176;192;newprov 25;x
27;73;202;202;newprov 26;x
28;93;202;202;newprov 27;x
29;128;64;64;newprov 28;x
30;94;201;251;newprov 29;x
31;102;201;251;newprov 30;x
32;101;201;201;newprov 31;x
33;98;201;251;newprov 32;x
34;91;221;251;newprov 33;x
35;118;223;253;newprov 34;x
36;95;222;252;newprov 35;x
37;61;202;202;newprov 36;x
38;103;222;252;newprov 37;x
39;32;239;1;newprov 38;x
40;188;255;181;newprov 39;x
41;181;118;12;newprov 40;x
42;56;87;25;newprov 41;x
43;112;48;192;newprov 42;x
44;95;221;251;newprov 43;x
45;126;90;99;newprov 44;x
46;112;176;192;newprov 45;x
47;101;108;100;newprov 46;x
48;48;239;64;newprov 47;x
49;176;112;64;newprov 48;x
50;48;176;64;newprov 49;x
51;123;66;24;newprov 50;x
52;239;48;192;newprov 51;x
53;176;112;192;newprov 52;x
54;31;24;123;newprov 53;x
55;137;77;77;newprov 54;x
56;99;221;251;newprov 55;x
57;38;123;24;newprov 56;x
58;38;200;250;newprov 57;x
59;90;98;125;newprov 58;x
60;99;222;252;newprov 59;x
61;176;48;64;newprov 60;x
62;171;129;129;newprov 61;x
63;176;239;64;newprov 62;x
64;48;112;192;newprov 63;x
65;239;175;192;newprov 64;x
66;138;80;80;newprov 65;x
67;239;48;64;newprov 66;x
68;37;200;200;newprov 67;x
69;12;181;86;newprov 68;x
70;117;203;253;newprov 69;x
71;160;239;0;newprov 70;x
72;48;112;65;newprov 71;x
73;39;220;250;newprov 72;x
74;96;252;252;newprov 73;x
75;90;201;251;newprov 74;x
76;32;0;208;newprov 75;x
77;43;220;250;newprov 76;x
78;240;240;65;newprov 77;x
79;96;128;80;newprov 78;x
80;72;130;180;newprov 79;x
81;158;88;46;newprov 80;x
82;40;250;250;newprov 81;x
83;143;149;140;newprov 82;x
84;42;200;250;newprov 83;x
85;41;200;200;newprov 84;x
86;9;102;110;newprov 85;x
87;104;252;252;newprov 86;x
88;136;62;133;newprov 87;x
89;112;112;64;newprov 88;x
90;223;128;80;newprov 89;x
91;129;64;160;newprov 90;x
92;108;143;114;newprov 91;x
93;85;101;125;newprov 92;x
94;97;201;201;newprov 93;x
95;112;112;191;newprov 94;x
96;223;239;64;newprov 95;x
97;144;17;33;newprov 96;x
98;160;64;80;newprov 97;x
99;161;126;185;newprov 98;x
100;160;224;192;newprov 99;x
101;96;48;128;newprov 100;x
102;32;224;192;newprov 101;x
103;224;96;64;newprov 102;x
104;96;239;64;newprov 103;x
105;77;80;32;newprov 104;x
106;208;160;128;newprov 105;x
107;34;200;250;newprov 106;x
108;118;115;79;newprov 107;x
109;80;160;0;newprov 108;x
110;223;239;192;newprov 109;x
111;208;224;64;newprov 110;x
112;114;135;146;newprov 111;x
113;223;112;64;newprov 112;x
114;96;112;192;newprov 113;x
115;84;81;100;newprov 114;x
116;160;96;192;newprov 115;x
117;113;105;224;newprov 116;x
118;49;150;138;newprov 117;x
119;32;112;128;newprov 118;x
120;208;32;0;newprov 119;x
121;80;224;64;newprov 120;x
122;208;160;0;newprov 121;x
123;239;176;64;newprov 122;x
124;160;112;128;newprov 123;x
125;28;250;250;newprov 124;x
126;160;192;224;newprov 125;x
127;88;148;155;newprov 126;x
128;96;112;1;newprov 127;x
129;235;169;53;newprov 128;x
130;144;144;160;newprov 129;x
131;29;200;200;newprov 130;x
132;32;64;208;newprov 131;x
133;44;250;250;newprov 132;x
134;150;146;121;newprov 133;x
135;48;32;163;newprov 134;x
136;36;250;250;newprov 135;x
137;159;64;208;newprov 136;x
138;24;250;250;newprov 137;x
139;81;202;202;newprov 138;x
140;160;96;64;newprov 139;x
141;32;96;192;newprov 140;x
142;208;224;192;newprov 141;x
143;224;112;192;newprov 142;x
144;25;200;200;newprov 143;x
145;160;191;80;newprov 144;x
146;96;224;64;newprov 145;x
147;208;96;0;newprov 146;x
148;32;224;0;newprov 147;x
149;223;48;64;newprov 148;x
150;48;160;0;newprov 149;x
151;139;119;144;newprov 150;x
152;240;239;191;newprov 151;x
153;176;240;192;newprov 152;x
154;0;144;32;newprov 153;x
155;160;224;64;newprov 154;x
156;32;224;64;newprov 155;x
157;35;220;250;newprov 156;x
158;208;96;192;newprov 157;x
159;80;96;192;newprov 158;x
160;176;32;0;newprov 159;x
161;176;150;191;newprov 160;x
162;96;192;80;newprov 161;x
163;97;202;202;newprov 162;x
164;80;96;0;newprov 163;x
165;73;43;222;newprov 164;x
166;104;142;121;newprov 165;x
167;16;144;32;newprov 166;x
168;240;113;65;newprov 167;x
169;160;240;64;newprov 168;x
170;128;16;32;newprov 169;x
171;160;96;128;newprov 170;x
172;78;84;100;newprov 171;x
173;32;176;192;newprov 172;x
174;224;64;80;newprov 173;x
175;48;171;193;newprov 174;x
176;250;226;187;newprov 175;x
177;80;252;252;newprov 176;x
178;12;78;181;newprov 177;x
179;96;160;192;newprov 178;x
180;112;175;64;newprov 179;x
181;188;110;211;newprov 180;x
182;240;112;192;newprov 181;x
183;160;176;192;newprov 182;x
184;128;144;32;newprov 183;x
185;26;200;250;newprov 184;x
186;32;48;192;newprov 185;x
187;229;145;216;newprov 186;x
188;112;32;0;newprov 187;x
189;96;176;64;newprov 188;x
190;176;160;0;newprov 189;x
191;80;224;192;newprov 190;x
192;32;224;128;newprov 191;x
193;32;191;207;newprov 192;x
194;160;160;64;newprov 193;x
195;23;220;250;newprov 194;x
196;128;16;160;newprov 195;x
197;33;200;200;newprov 196;x
198;96;251;251;newprov 197;x
199;160;131;17;newprov 198;x
200;223;176;64;newprov 199;x
201;118;99;109;newprov 200;x
202;96;64;208;newprov 201;x
203;240;160;0;newprov 202;x
204;208;224;128;newprov 203;x
205;160;32;64;newprov 204;x
206;19;114;99;newprov 205;x
207;1;222;200;newprov 206;x
208;89;201;201;newprov 207;x
209;32;96;128;newprov 208;x
210;96;48;192;newprov 209;x
211;48;32;128;newprov 210;x
212;54;56;131;newprov 211;x
213;17;144;160;newprov 212;x
214;27;220;250;newprov 213;x
215;34;220;250;newprov 214;x
216;160;239;192;newprov 215;x
217;160;176;64;newprov 216;x
218;224;192;80;newprov 217;x
219;0;16;160;newprov 218;x
220;32;32;192;newprov 219;x
221;112;160;0;newprov 220;x
222;240;32;0;newprov 221;x
223;160;224;0;newprov 222;x
224;160;239;128;newprov 223;x
225;224;224;64;newprov 224;x
226;32;160;64;newprov 225;x
227;160;191;207;newprov 226;x
228;45;200;200;newprov 227;x
229;144;32;64;newprov 228;x
230;160;224;128;newprov 229;x
231;31;220;250;newprov 230;x
232;224;96;0;newprov 231;x
233;223;48;192;newprov 232;x
234;176;160;128;newprov 233;x
235;85;96;126;newprov 234;x
236;112;32;128;newprov 235;x
237;202;159;117;newprov 236;x
238;96;224;0;newprov 237;x
239;97;192;208;newprov 238;x
240;224;192;208;newprov 239;x
241;32;176;64;newprov 240;x
242;158;201;184;newprov 241;x
243;160;33;176;newprov 242;x
244;101;97;124;newprov 243;x
245;160;48;64;newprov 244;x
246;96;96;192;newprov 245;x
247;108;128;100;newprov 246;x
248;209;70;113;newprov 247;x
249;128;33;144;newprov 248;x
250;224;224;0;newprov 249;x
251;183;142;84;newprov 250;x
252;224;32;192;newprov 251;x
253;96;32;192;newprov 252;x
254;96;96;0;newprov 253;x
255;176;32;128;newprov 254;x
256;112;96;0;newprov 255;x
257;32;160;192;newprov 256;x
258;16;224;192;newprov 257;x
259;96;96;128;newprov 258;x
260;98;104;120;newprov 259;x
261;16;160;64;newprov 260;x
262;30;200;250;newprov 261;x
263;113;240;65;newprov 262;x
264;62;104;136;newprov 263;x
265;113;21;139;newprov 264;x
266;48;160;128;newprov 265;x
267;80;96;64;newprov 266;x
268;63;116;175;newprov 267;x
269;134;176;33;newprov 268;x
270;224;224;128;newprov 269;x
271;144;160;64;newprov 270;x
272;224;96;192;newprov 271;x
273;224;96;128;newprov 272;x
274;160;112;64;newprov 273;x
275;240;32;128;newprov 274;x
276;22;200;250;newprov 275;x
277;96;224;192;newprov 276;x
278;133;4;230;newprov 277;x
279;208;160;64;newprov 278;x
280;160;160;192;newprov 279;x
281;143;223;128;newprov 280;x
282;240;160;128;newprov 281;x
283;194;224;192;newprov 282;x
284;32;112;64;newprov 283;x
285;144;96;192;newprov 284;x
286;80;160;64;newprov 285;x
287;160;112;192;newprov 286;x
288;223;176;192;newprov 287;x
289;223;239;128;newprov 288;x
290;112;160;128;newprov 289;x
291;48;224;128;newprov 290;x
292;144;17;160;newprov 291;x
293;16;32;192;newprov 292;x
294;224;160;64;newprov 293;x
295;49;240;192;newprov 294;x
296;128;0;32;newprov 295;x
297;98;202;252;newprov 296;x
298;144;208;160;newprov 297;x
299;46;200;250;newprov 298;x
300;96;224;128;newprov 299;x
301;140;102;123;newprov 300;x
302;219;138;158;newprov 301;x
303;208;96;64;newprov 302;x
304;224;224;192;newprov 303;x
305;128;33;17;newprov 304;x
306;214;215;132;newprov 305;x
307;80;32;192;newprov 306;x
308;176;224;128;newprov 307;x
309;141;10;90;newprov 308;x
310;208;32;192;newprov 309;x
311;208;32;64;newprov 310;x
312;96;160;64;newprov 311;x
313;209;240;65;newprov 312;x
314;167;94;120;newprov 313;x
315;144;32;192;newprov 314;x
316;98;89;147;newprov 315;x
317;119;128;17;newprov 316;x
318;17;144;96;newprov 317;x
319;177;233;121;newprov 318;x
320;176;96;0;newprov 319;x
321;224;32;64;newprov 320;x
322;176;224;0;newprov 321;x
323;176;96;128;newprov 322;x
324;144;96;64;newprov 323;x
325;48;96;128;newprov 324;x
326;21;200;200;newprov 325;x
327;64;109;155;newprov 326;x
328;16;96;64;newprov 327;x
329;52;250;250;newprov 328;x
330;126;82;147;newprov 329;x
331;212;181;255;newprov 330;x
332;32;239;128;newprov 331;x
333;48;96;0;newprov 332;x
334;144;160;192;newprov 333;x
335;32;250;250;newprov 334;x
336;200;200;166;newprov 335;x
337;136;98;119;newprov 336;x
338;80;81;160;newprov 337;x
339;48;224;0;newprov 338;x
340;80;160;192;newprov 339;x
341;16;160;192;newprov 340;x
342;96;240;128;newprov 341;x
343;50;200;250;newprov 342;x
344;224;192;32;newprov 343;x
345;16;223;0;newprov 344;x
346;224;160;192;newprov 345;x
347;87;221;251;newprov 346;x
348;128;160;17;newprov 347;x
349;47;220;250;newprov 348;x
350;196;198;26;newprov 349;x
351;88;251;251;newprov 350;x
352;1;160;17;newprov 351;x
353;17;224;65;newprov 352;x
354;144;96;0;newprov 353;x
355;86;201;251;newprov 354;x
356;16;96;192;newprov 355;x
357;16;96;128;newprov 356;x
358;16;96;0;newprov 357;x
359;17;200;200;newprov 358;x
360;207;159;191;newprov 359;x
361;240;192;96;newprov 360;x
362;144;224;0;newprov 361;x
363;160;160;128;newprov 362;x
364;20;250;250;newprov 363;x
365;1;33;144;newprov 364;x
366;32;239;64;newprov 365;x
367;112;128;223;newprov 366;x
368;85;201;201;newprov 367;x
369;112;192;96;newprov 368;x
370;240;128;224;newprov 369;x
371;1;65;160;newprov 370;x
372;207;80;160;newprov 371;x
373;64;96;16;newprov 372;x
374;112;64;160;newprov 373;x
375;128;96;16;newprov 374;x
376;192;97;16;newprov 375;x
377;1;224;17;newprov 376;x
378;160;240;128;newprov 377;x
379;144;96;128;newprov 378;x
380;112;0;224;newprov 379;x
381;144;208;32;newprov 380;x
382;239;0;223;newprov 381;x
383;112;192;32;newprov 382;x
384;1;17;224;newprov 383;x
385;239;64;160;newprov 384;x
386;128;128;160;newprov 385;x
387;1;192;160;newprov 386;x
388;16;250;250;newprov 387;x
389;128;65;160;newprov 388;x
390;128;223;144;newprov 389;x
391;0;144;160;newprov 390;x
392;240;128;96;newprov 391;x
393;3;132;169;newprov 392;x
394;239;64;96;newprov 393;x
395;1;160;144;newprov 394;x
396;176;192;224;newprov 395;x
397;176;160;192;newprov 396;x
398;143;80;223;newprov 397;x
399;109;120;150;newprov 398;x
400;239;191;32;newprov 399;x
401;1;128;97;newprov 400;x
402;128;144;223;newprov 401;x
403;128;192;160;newprov 402;x
404;133;133;67;newprov 403;x
405;112;64;96;newprov 404;x
406;128;144;96;newprov 405;x
407;128;0;96;newprov 406;x
408;19;220;250;newprov 407;x
409;18;200;250;newprov 408;x
410;49;192;223;newprov 409;x
411;112;0;96;newprov 410;x
412;145;101;116;newprov 411;x
413;76;72;148;newprov 412;x
414;176;64;96;newprov 413;x
415;119;119;50;newprov 414;x
416;235;252;181;newprov 415;x
417;64;223;17;newprov 416;x
418;84;251;251;newprov 417;x
419;80;208;159;newprov 418;x
420;176;128;224;newprov 419;x
421;112;191;160;newprov 420;x
422;192;64;33;newprov 421;x
423;224;128;33;newprov 422;x
424;207;17;160;newprov 423;x
425;112;128;96;newprov 424;x
426;224;128;32;newprov 425;x
427;53;200;200;newprov 426;x
428;51;220;250;newprov 427;x
429;48;250;250;newprov 428;x
430;208;1;160;newprov 429;x
431;239;32;64;newprov 430;x
432;128;128;97;newprov 431;x
433;1;96;144;newprov 432;x
434;48;192;96;newprov 433;x
435;192;192;160;newprov 434;x
436;65;192;33;newprov 435;x
437;251;103;124;newprov 436;x
438;64;80;160;newprov 437;x
439;1;208;160;newprov 438;x
440;64;64;192;newprov 439;x
441;240;0;96;newprov 440;x
442;65;192;160;newprov 441;x
443;48;64;224;newprov 442;x
444;208;0;224;newprov 443;x
445;72;111;106;newprov 444;x
446;0;0;223;newprov 445;x
447;107;75;164;newprov 446;x
448;81;128;160;newprov 447;x
449;176;64;224;newprov 448;x
450;192;65;160;newprov 449;x
451;208;128;96;newprov 450;x
452;240;192;160;newprov 451;x
453;1;160;80;newprov 452;x
454;48;128;224;newprov 453;x
455;131;75;102;newprov 454;x
456;128;1;224;newprov 455;x
457;128;54;146;newprov 456;x
458;208;208;160;newprov 457;x
459;208;128;160;newprov 458;x
460;65;65;160;newprov 459;x
461;17;20;233;newprov 460;x
462;192;192;33;newprov 461;x
463;179;219;230;newprov 462;x
464;128;80;160;newprov 463;x
465;1;128;224;newprov 464;x
466;81;128;33;newprov 465;x
467;144;64;32;newprov 466;x
468;192;32;80;newprov 467;x
469;176;192;96;newprov 468;x
470;17;127;224;newprov 469;x
471;147;99;74;newprov 470;x
472;65;223;144;newprov 471;x
473;208;128;224;newprov 472;x
474;33;1;224;newprov 473;x
475;128;128;224;newprov 474;x
476;81;208;32;newprov 475;x
477;144;192;96;newprov 476;x
478;0;80;160;newprov 477;x
479;144;65;224;newprov 478;x
480;144;128;224;newprov 479;x
481;93;122;104;newprov 480;x
482;96;1;32;newprov 481;x
483;80;128;224;newprov 482;x
484;110;72;145;newprov 483;x
485;208;128;33;newprov 484;x
486;80;128;96;newprov 485;x
487;176;0;224;newprov 486;x
488;120;75;142;newprov 487;x
489;128;160;144;newprov 488;x
490;160;128;97;newprov 489;x
491;105;202;202;newprov 490;x
492;192;224;144;newprov 491;x
493;10;200;250;newprov 492;x
494;81;1;160;newprov 493;x
495;17;192;33;newprov 494;x
496;96;0;160;newprov 495;x
497;128;96;144;newprov 496;x
498;191;208;33;newprov 497;x
499;96;128;32;newprov 498;x
500;84;114;138;newprov 499;x
501;176;128;97;newprov 500;x
502;16;144;224;newprov 501;x
503;144;192;160;newprov 502;x
504;65;128;33;newprov 503;x
505;77;98;160;newprov 504;x
506;65;1;224;newprov 505;x
507;17;64;224;newprov 506;x
508;208;1;97;newprov 507;x
509;176;1;96;newprov 508;x
510;144;192;32;newprov 509;x
511;192;1;97;newprov 510;x
512;49;200;200;newprov 511;x
513;104;190;102;newprov 512;x
514;123;152;66;newprov 513;x
515;17;192;97;newprov 514;x
516;65;1;160;newprov 515;x
517;33;128;97;newprov 516;x
518;48;160;64;newprov 517;x
519;0;64;223;newprov 518;x
520;148;70;143;newprov 519;x
521;0;191;223;newprov 520;x
522;152;140;8;newprov 521;x
523;174;174;217;newprov 522;x
524;126;75;134;newprov 523;x
525;17;192;160;newprov 524;x
526;0;192;96;newprov 525;x
527;192;64;192;newprov 526;x
528;143;0;96;newprov 527;x
529;191;0;223;newprov 528;x
530;192;96;144;newprov 529;x
531;128;208;32;newprov 530;x
532;174;186;42;newprov 531;x
533;144;32;137;newprov 532;x
534;17;192;224;newprov 533;x
535;49;128;97;newprov 534;x
536;17;65;160;newprov 535;x
537;192;128;97;newprov 536;x
538;128;192;97;newprov 537;x
539;52;32;128;newprov 538;x
540;17;81;223;newprov 539;x
541;65;128;97;newprov 540;x
542;239;64;32;newprov 541;x
543;208;64;96;newprov 542;x
544;139;124;103;newprov 543;x
545;159;0;96;newprov 544;x
546;144;128;96;newprov 545;x
547;128;65;96;newprov 546;x
548;192;32;144;newprov 547;x
549;128;32;80;newprov 548;x
550;144;144;224;newprov 549;x
551;208;17;96;newprov 550;x
552;144;64;97;newprov 551;x
553;16;0;96;newprov 552;x
554;141;32;192;newprov 553;x
555;144;192;224;newprov 554;x
556;105;75;145;newprov 555;x
557;17;128;96;newprov 556;x
558;134;122;144;newprov 557;x
559;144;64;160;newprov 558;x
560;208;65;33;newprov 559;x
561;192;128;32;newprov 560;x
562;64;96;144;newprov 561;x
563;112;1;32;newprov 562;x
564;33;128;224;newprov 563;x
565;128;159;80;newprov 564;x
566;64;32;144;newprov 565;x
567;233;180;87;newprov 566;x
568;192;128;224;newprov 567;x
569;17;208;160;newprov 568;x
570;64;208;33;newprov 569;x
571;219;184;76;newprov 570;x
572;88;114;151;newprov 571;x
573;128;65;224;newprov 572;x
574;128;208;160;newprov 573;x
575;160;1;224;newprov 574;x
576;9;200;200;newprov 575;x
577;80;192;96;newprov 576;x
578;208;192;224;newprov 577;x
579;91;128;32;newprov 578;x
580;54;200;250;newprov 579;x
581;81;192;160;newprov 580;x
582;32;128;160;newprov 581;x
583;192;80;32;newprov 582;x
584;240;128;33;newprov 583;x
585;208;196;213;newprov 584;x
586;55;220;250;newprov 585;x
587;112;74;95;newprov 586;x
588;116;112;139;newprov 587;x
589;97;128;97;newprov 588;x
590;192;224;17;newprov 589;x
591;80;144;96;newprov 590;x
592;208;192;33;newprov 591;x
593;224;0;160;newprov 592;x
594;64;160;144;newprov 593;x
595;208;144;224;newprov 594;x
596;56;250;250;newprov 595;x
597;106;118;98;newprov 596;x
598;208;192;160;newprov 597;x
599;83;221;251;newprov 598;x
600;1;33;208;newprov 599;x
601;240;128;160;newprov 600;x
602;81;192;224;newprov 601;x
603;144;17;224;newprov 602;x
604;239;0;33;newprov 603;x
605;192;160;144;newprov 604;x
606;81;65;160;newprov 605;x
607;96;128;159;newprov 606;x
608;192;65;224;newprov 607;x
609;15;220;250;newprov 608;x
610;208;191;96;newprov 609;x
611;208;64;224;newprov 610;x
612;208;65;160;newprov 611;x
613;17;16;224;newprov 612;x
614;224;128;160;newprov 613;x
615;176;192;32;newprov 614;x
616;48;128;160;newprov 615;x
617;112;128;160;newprov 616;x
618;160;128;224;newprov 617;x
619;224;192;160;newprov 618;x
620;149;161;84;newprov 619;x
621;49;128;33;newprov 620;x
622;176;64;32;newprov 621;x
623;112;0;160;newprov 622;x
624;176;1;33;newprov 623;x
625;81;192;33;newprov 624;x
626;128;192;224;newprov 625;x
627;128;65;97;newprov 626;x
628;42;48;8;newprov 627;x
629;65;192;224;newprov 628;x
630;112;128;32;newprov 629;x
631;81;65;224;newprov 630;x
632;1;144;224;newprov 631;x
633;97;192;160;newprov 632;x
634;192;80;160;newprov 633;x
635;176;64;160;newprov 634;x
636;49;1;160;newprov 635;x
637;138;68;140;newprov 636;x
638;128;224;240;newprov 637;x
639;128;16;224;newprov 638;x
640;57;200;200;newprov 639;x
641;240;0;160;newprov 640;x
642;207;93;142;newprov 641;x
643;160;128;33;newprov 642;x
644;176;64;80;newprov 643;x
645;128;96;240;newprov 644;x
646;176;128;160;newprov 645;x
647;176;128;33;newprov 646;x
648;255;212;63;newprov 647;x
649;176;192;160;newprov 648;x
650;192;192;192;newprov 649;x
651;128;16;96;newprov 650;x
652;48;64;160;newprov 651;x
653;49;224;192;newprov 652;x
654;192;65;97;newprov 653;x
655;160;1;32;newprov 654;x
656;65;192;192;newprov 655;x
657;64;96;112;newprov 656;x
658;176;1;160;newprov 657;x
659;208;17;32;newprov 658;x
660;48;192;33;newprov 659;x
661;240;97;192;newprov 660;x
662;59;220;250;newprov 661;x
663;240;224;192;newprov 662;x
664;113;97;65;newprov 663;x
665;129;20;38;newprov 664;x
666;175;223;191;newprov 665;x
667;1;200;200;newprov 666;x
668;160;1;160;newprov 667;x
669;240;0;23;newprov 668;x
670;131;177;168;newprov 669;x
671;85;72;102;newprov 670;x
672;128;33;208;newprov 671;x
673;192;144;160;newprov 672;x
674;240;97;65;newprov 673;x
675;86;116;82;newprov 674;x
676;8;250;250;newprov 675;x
677;224;65;160;newprov 676;x
678;207;208;33;newprov 677;x
679;143;128;32;newprov 678;x
680;160;65;33;newprov 679;x
681;144;1;160;newprov 680;x
682;96;119;103;newprov 681;x
683;80;192;48;newprov 682;x
684;86;106;137;newprov 683;x
685;207;160;231;newprov 684;x
686;49;192;160;newprov 685;x
687;0;223;240;newprov 686;x
688;15;223;253;newprov 687;x
689;65;192;97;newprov 688;x
690;0;107;240;newprov 689;x
691;1;96;17;newprov 690;x
692;14;139;204;newprov 691;x
693;16;128;33;newprov 692;x
694;121;83;104;newprov 693;x
695;160;64;160;newprov 694;x
696;192;192;97;newprov 695;x
697;144;0;33;newprov 696;x
698;48;96;191;newprov 697;x
699;223;64;32;newprov 698;x
700;113;224;65;newprov 699;x
701;208;144;33;newprov 700;x
702;176;97;192;newprov 701;x
703;240;224;65;newprov 702;x
704;29;107;148;newprov 703;x
705;192;96;112;newprov 704;x
706;17;1;160;newprov 705;x
707;130;118;122;newprov 706;x
708;97;65;33;newprov 707;x
709;60;250;250;newprov 708;x
710;176;224;64;newprov 709;x
711;64;207;160;newprov 710;x
712;176;32;64;newprov 711;x
713;208;144;160;newprov 712;x
714;0;208;32;newprov 713;x
715;240;160;64;newprov 714;x
716;2;200;250;newprov 715;x
717;1;81;33;newprov 716;x
718;240;136;0;newprov 717;x
719;112;64;32;newprov 718;x
720;25;174;25;newprov 719;x
721;128;81;32;newprov 720;x
722;248;228;0;newprov 721;x
723;230;232;76;newprov 722;x
724;97;1;128;newprov 723;x
725;128;49;208;newprov 724;x
726;177;177;99;newprov 725;x
727;1;160;208;newprov 726;x
728;64;144;160;newprov 727;x
729;192;192;224;newprov 728;x
730;48;192;80;newprov 729;x
731;128;160;208;newprov 730;x
732;113;160;192;newprov 731;x
733;240;33;192;newprov 732;x
734;17;128;160;newprov 733;x
735;96;191;32;newprov 734;x
736;192;160;208;newprov 735;x
737;144;0;224;newprov 736;x
738;49;224;65;newprov 737;x
739;169;121;59;newprov 738;x
740;97;192;97;newprov 739;x
741;224;128;1;newprov 740;x
742;192;1;33;newprov 741;x
743;176;97;65;newprov 742;x
744;208;17;223;newprov 743;x
745;239;160;192;newprov 744;x
746;80;144;160;newprov 745;x
747;58;200;250;newprov 746;x
748;144;128;160;newprov 747;x
749;176;192;80;newprov 748;x
750;110;97;127;newprov 749;x
751;160;192;32;newprov 750;x
752;240;215;0;newprov 751;x
753;239;96;128;newprov 752;x
754;57;105;127;newprov 753;x
755;120;84;96;newprov 754;x
756;113;160;65;newprov 755;x
757;64;64;223;newprov 756;x
758;223;0;128;newprov 757;x
759;192;208;160;newprov 758;x
760;1;1;160;newprov 759;x
761;192;16;32;newprov 760;x
762;97;128;128;newprov 761;x
763;112;223;0;newprov 762;x
764;192;80;224;newprov 763;x
765;240;97;1;newprov 764;x
766;49;97;65;newprov 765;x
767;33;65;160;newprov 766;x
768;177;3;22;newprov 767;x
769;144;208;96;newprov 768;x
770;208;160;33;newprov 769;x
771;18;77;115;newprov 770;x
772;128;1;160;newprov 771;x
773;94;144;107;newprov 772;x
774;64;250;250;newprov 773;x
775;48;32;159;newprov 774;x
776;48;160;32;newprov 775;x
777;1;128;160;newprov 776;x
778;192;96;240;newprov 777;x
779;61;200;200;newprov 778;x
780;113;97;128;newprov 779;x
781;240;224;1;newprov 780;x
782;176;192;208;newprov 781;x
783;208;33;160;newprov 782;x
784;80;32;159;newprov 783;x
785;6;200;250;newprov 784;x
786;239;65;80;newprov 785;x
787;192;32;16;newprov 786;x
788;162;211;132;newprov 787;x
789;62;200;250;newprov 788;x
790;81;160;33;newprov 789;x
791;17;160;224;newprov 790;x
792;64;160;208;newprov 791;x
793;64;80;223;newprov 792;x
794;113;224;128;newprov 793;x
795;192;33;33;newprov 794;x
796;196;128;165;newprov 795;x
797;81;97;97;newprov 796;x
798;240;224;128;newprov 797;x
799;176;33;33;newprov 798;x
800;65;224;240;newprov 799;x
801;113;95;93;newprov 800;x
802;175;159;32;newprov 801;x
803;16;96;32;newprov 802;x
804;207;223;223;newprov 803;x
805;65;224;160;newprov 804;x
806;4;250;250;newprov 805;x
807;240;192;80;newprov 806;x
808;81;160;160;newprov 807;x
809;49;192;208;newprov 808;x
810;144;33;224;newprov 809;x
811;76;250;250;newprov 810;x
812;148;80;0;newprov 811;x
813;96;64;96;newprov 812;x
814;113;240;0;newprov 813;x
815;192;160;80;newprov 814;x
816;207;32;32;newprov 815;x
817;144;224;224;newprov 816;x
818;192;224;160;newprov 817;x
819;130;99;118;newprov 818;x
820;192;32;207;newprov 819;x
821;208;97;97;newprov 820;x
822;87;126;228;newprov 821;x
823;144;81;96;newprov 822;x
824;144;97;33;newprov 823;x
825;208;160;160;newprov 824;x
826;16;223;223;newprov 825;x
827;33;192;224;newprov 826;x
828;80;144;224;newprov 827;x
829;94;144;145;newprov 828;x
830;65;160;33;newprov 829;x
831;128;160;160;newprov 830;x
832;17;33;224;newprov 831;x
833;144;160;224;newprov 832;x
834;245;246;194;newprov 833;x
835;7;220;250;newprov 834;x
836;192;223;112;newprov 835;x
837;140;98;146;newprov 836;x
838;128;207;0;newprov 837;x
839;144;97;224;newprov 838;x
840;192;97;160;newprov 839;x
841;191;224;239;newprov 840;x
842;81;224;224;newprov 841;x
843;128;33;97;newprov 842;x
844;48;96;80;newprov 843;x
845;63;220;250;newprov 844;x
846;208;97;224;newprov 845;x
847;122;96;97;newprov 846;x
848;132;97;101;newprov 847;x
849;81;48;106;newprov 848;x
850;112;192;80;newprov 849;x
851;64;33;208;newprov 850;x
852;17;224;33;newprov 851;x
853;208;160;224;newprov 852;x
854;176;96;80;newprov 853;x
855;161;47;130;newprov 854;x
856;68;110;132;newprov 855;x
857;144;33;97;newprov 856;x
858;144;96;96;newprov 857;x
859;3;220;250;newprov 858;x
860;16;160;96;newprov 859;x
861;113;192;224;newprov 860;x
862;157;255;175;newprov 861;x
863;81;160;97;newprov 862;x
864;237;186;32;newprov 863;x
865;17;224;97;newprov 864;x
866;199;113;224;newprov 865;x
867;17;97;224;newprov 866;x
868;224;65;97;newprov 867;x
869;64;208;224;newprov 868;x
870;75;121;202;newprov 869;x
871;208;160;97;newprov 870;x
872;16;126;73;newprov 871;x
873;144;160;160;newprov 872;x
874;32;192;0;newprov 873;x
875;191;159;32;newprov 874;x
876;33;167;144;newprov 875;x
877;65;200;200;newprov 876;x
878;123;224;113;newprov 877;x
879;65;97;160;newprov 878;x
880;65;33;160;newprov 879;x
881;65;192;240;newprov 880;x
882;146;80;102;newprov 881;x
883;240;192;208;newprov 882;x
884;96;0;223;newprov 883;x
885;80;96;223;newprov 884;x
886;165;211;169;newprov 885;x
887;98;105;152;newprov 886;x
888;128;80;224;newprov 887;x
889;144;160;97;newprov 888;x
890;160;144;32;newprov 889;x
891;144;224;33;newprov 890;x
892;160;16;32;newprov 891;x
893;64;80;96;newprov 892;x
894;208;33;97;newprov 893;x
895;81;224;97;newprov 894;x
896;224;17;139;newprov 895;x
897;224;128;128;newprov 896;x
898;208;33;224;newprov 897;x
899;81;135;145;newprov 898;x
900;144;224;160;newprov 899;x
901;1;208;224;newprov 900;x
902;1;208;96;newprov 901;x
903;16;159;159;newprov 902;x
904;96;1;208;newprov 903;x
905;74;142;93;newprov 904;x
906;64;160;160;newprov 905;x
907;97;229;126;newprov 906;x
908;144;97;160;newprov 907;x
909;0;159;96;newprov 908;x
910;128;96;160;newprov 909;x
911;33;65;128;newprov 910;x
912;176;224;80;newprov 911;x
913;144;224;96;newprov 912;x
914;49;224;80;newprov 913;x
915;230;232;104;newprov 914;x
916;191;81;96;newprov 915;x
917;17;224;160;newprov 916;x
918;81;97;160;newprov 917;x
919;224;65;224;newprov 918;x
920;192;208;96;newprov 919;x
921;98;167;48;newprov 920;x
922;17;97;160;newprov 921;x
923;128;97;33;newprov 922;x
924;112;64;208;newprov 923;x
925;64;223;32;newprov 924;x
926;192;32;160;newprov 925;x
927;192;160;160;newprov 926;x
928;16;94;126;newprov 927;x
929;80;96;32;newprov 928;x
930;81;160;224;newprov 929;x
931;80;81;96;newprov 930;x
932;96;208;32;newprov 931;x
933;70;200;250;newprov 932;x
934;128;208;96;newprov 933;x
935;96;64;224;newprov 934;x
936;5;200;200;newprov 935;x
937;164;48;224;newprov 936;x
938;64;96;240;newprov 937;x
939;70;95;141;newprov 938;x
940;82;201;251;newprov 939;x
941;239;64;207;newprov 940;x
942;128;224;208;newprov 941;x
943;208;224;97;newprov 942;x
944;144;33;160;newprov 943;x
945;144;128;112;newprov 944;x
946;112;160;224;newprov 945;x
947;224;81;32;newprov 946;x
948;205;210;55;newprov 947;x
949;160;208;160;newprov 948;x
950;208;97;33;newprov 949;x
951;224;33;33;newprov 950;x
952;208;224;33;newprov 951;x
953;192;97;33;newprov 952;x
954;128;159;96;newprov 953;x
955;1;224;80;newprov 954;x
956;81;224;33;newprov 955;x
957;1;96;208;newprov 956;x
958;208;224;160;newprov 957;x
959;0;224;160;newprov 958;x
960;208;97;160;newprov 959;x
961;143;159;32;newprov 960;x
962;1;224;33;newprov 961;x
963;224;192;224;newprov 962;x
964;64;96;81;newprov 963;x
965;17;208;96;newprov 964;x
966;160;16;160;newprov 965;x
967;210;97;158;newprov 966;x
968;240;160;224;newprov 967;x
969;32;144;32;newprov 968;x
970;17;160;33;newprov 969;x
971;121;211;121;newprov 970;x
972;113;192;208;newprov 971;x
973;112;32;32;newprov 972;x
974;69;200;200;newprov 973;x
975;141;127;98;newprov 974;x
976;191;223;32;newprov 975;x
977;176;97;97;newprov 976;x
978;49;96;208;newprov 977;x
979;1;224;208;newprov 978;x
980;168;255;81;newprov 979;x
981;128;160;33;newprov 980;x
982;223;144;32;newprov 981;x
983;81;224;160;newprov 982;x
984;64;96;32;newprov 983;x
985;97;192;224;newprov 984;x
986;126;221;158;newprov 985;x
987;224;1;224;newprov 986;x
988;0;160;160;newprov 987;x
989;1;33;160;newprov 988;x
990;101;124;82;newprov 989;x
991;240;33;160;newprov 990;x
992;65;224;97;newprov 991;x
993;1;97;160;newprov 992;x
994;176;96;207;newprov 993;x
995;49;97;160;newprov 994;x
996;113;160;160;newprov 995;x
997;171;222;170;newprov 996;x
998;176;65;208;newprov 997;x
999;110;113;146;newprov 998;x
1000;120;252;252;newprov 999;x
1001;224;163;33;newprov 1000;x
1002;66;200;250;newprov 1001;x
1003;96;144;160;newprov 1002;x
1004;128;33;160;newprov 1003;x
1005;197;177;175;newprov 1004;x
1006;176;224;32;newprov 1005;x
1007;48;96;96;newprov 1006;x
1008;65;97;97;newprov 1007;x
1009;224;97;118;newprov 1008;x
1010;204;196;215;newprov 1009;x
1011;176;33;160;newprov 1010;x
1012;97;129;210;newprov 1011;x
1013;176;33;16;newprov 1012;x
1014;33;160;48;newprov 1013;x
1015;224;208;33;newprov 1014;x
1016;96;16;160;newprov 1015;x
1017;128;224;160;newprov 1016;x
1018;208;160;16;newprov 1017;x
1019;48;222;224;newprov 1018;x
1020;0;167;244;newprov 1019;x
1021;49;160;160;newprov 1020;x
1022;14;200;250;newprov 1021;x
1023;177;165;165;newprov 1022;x
1024;176;17;33;newprov 1023;x
1025;33;144;160;newprov 1024;x
1026;181;87;87;newprov 1025;x
1027;160;80;32;newprov 1026;x
1028;175;96;159;newprov 1027;x
1029;113;224;160;newprov 1028;x
1030;144;160;17;newprov 1029;x
1031;71;220;250;newprov 1030;x
1032;120;82;141;newprov 1031;x
1033;240;32;32;newprov 1032;x
1034;232;213;156;newprov 1033;x
1035;112;160;32;newprov 1034;x
1036;48;224;160;newprov 1035;x
1037;128;97;97;newprov 1036;x
1038;191;32;96;newprov 1037;x
1039;64;192;64;newprov 1038;x
1040;197;100;82;newprov 1039;x
1041;1;160;33;newprov 1040;x
1042;134;112;113;newprov 1041;x
1043;160;32;49;newprov 1042;x
1044;49;224;33;newprov 1043;x
1045;239;32;96;newprov 1044;x
1046;176;32;224;newprov 1045;x
1047;191;96;96;newprov 1046;x
1048;176;223;208;newprov 1047;x
1049;48;224;207;newprov 1048;x
1050;113;97;160;newprov 1049;x
1051;160;65;128;newprov 1050;x
1052;32;208;160;newprov 1051;x
1053;32;115;240;newprov 1052;x
1054;83;101;223;newprov 1053;x
1055;224;17;160;newprov 1054;x
1056;32;80;32;newprov 1055;x
1057;127;101;8;newprov 1056;x
1058;49;96;33;newprov 1057;x
1059;33;100;224;newprov 1058;x
1060;128;96;80;newprov 1059;x
1061;74;100;99;newprov 1060;x
1062;113;33;160;newprov 1061;x
1063;138;202;155;newprov 1062;x
1064;128;144;0;newprov 1063;x
1065;17;91;160;newprov 1064;x
1066;200;225;201;newprov 1065;x
1067;160;160;48;newprov 1066;x
1068;128;224;97;newprov 1067;x
1069;160;184;0;newprov 1068;x
1070;32;207;32;newprov 1069;x
1071;240;32;130;newprov 1070;x
1072;176;160;224;newprov 1071;x
1073;208;33;144;newprov 1072;x
1074;1;97;224;newprov 1073;x
1075;11;220;250;newprov 1074;x
1076;160;192;0;newprov 1075;x
1077;240;96;80;newprov 1076;x
1078;208;80;96;newprov 1077;x
1079;160;144;160;newprov 1078;x
1080;244;0;69;newprov 1079;x
1081;224;144;160;newprov 1080;x
1082;240;160;160;newprov 1081;x
1083;176;97;33;newprov 1082;x
1084;17;33;160;newprov 1083;x
1085;0;32;224;newprov 1084;x
1086;72;250;250;newprov 1085;x
1087;143;121;233;newprov 1086;x
1088;144;33;144;newprov 1087;x
1089;240;224;33;newprov 1088;x
1090;128;223;223;newprov 1089;x
1091;1;97;97;newprov 1090;x
1092;112;96;80;newprov 1091;x
1093;81;201;201;newprov 1092;x
1094;113;33;97;newprov 1093;x
1095;32;128;1;newprov 1094;x
1096;108;88;144;newprov 1095;x
1097;217;224;33;newprov 1096;x
1098;48;32;224;newprov 1097;x
1099;240;97;160;newprov 1098;x
1100;240;160;32;newprov 1099;x
1101;176;224;160;newprov 1100;x
1102;208;32;17;newprov 1101;x
1103;30;204;254;newprov 1102;x
1104;128;160;224;newprov 1103;x
1105;160;224;48;newprov 1104;x
1106;64;160;80;newprov 1105;x
1107;65;160;224;newprov 1106;x
1108;160;64;0;newprov 1107;x
1109;33;192;128;newprov 1108;x
1110;96;16;32;newprov 1109;x
1111;42;78;13;newprov 1110;x
1112;86;8;122;newprov 1111;x
1113;207;183;50;newprov 1112;x
1114;128;96;208;newprov 1113;x
1115;17;160;144;newprov 1114;x
1116;192;160;224;newprov 1115;x
1117;133;105;95;newprov 1116;x
1118;128;223;80;newprov 1117;x
1119;17;203;203;newprov 1118;x
1120;67;220;250;newprov 1119;x
1121;113;224;33;newprov 1120;x
1122;152;152;197;newprov 1121;x
1123;80;147;223;newprov 1122;x
1124;160;208;32;newprov 1123;x
1125;1;160;224;newprov 1124;x
1126;48;160;96;newprov 1125;x
1127;160;192;128;newprov 1126;x
1128;158;72;163;newprov 1127;x
1129;144;33;17;newprov 1128;x
1130;1;224;224;newprov 1129;x
1131;224;16;32;newprov 1130;x
1132;192;160;96;newprov 1131;x
1133;64;16;96;newprov 1132;x
1134;176;160;96;newprov 1133;x
1135;208;144;96;newprov 1134;x
1136;32;96;48;newprov 1135;x
1137;101;48;160;newprov 1136;x
1138;73;200;200;newprov 1137;x
1139;208;208;224;newprov 1138;x
1140;164;237;92;newprov 1139;x
1141;113;97;33;newprov 1140;x
1142;160;33;17;newprov 1141;x
1143;208;80;224;newprov 1142;x
1144;80;160;17;newprov 1143;x
1145;160;80;160;newprov 1144;x
1146;80;17;224;newprov 1145;x
1147;128;32;223;newprov 1146;x
1148;48;160;224;newprov 1147;x
1149;128;97;224;newprov 1148;x
1150;12;250;250;newprov 1149;x
1151;65;192;112;newprov 1150;x
1152;68;250;250;newprov 1151;x
1153;208;48;131;newprov 1152;x
1154;210;224;48;newprov 1153;x
1155;1;224;97;newprov 1154;x
1156;32;80;160;newprov 1155;x
1157;114;98;145;newprov 1156;x
1158;120;87;95;newprov 1157;x
1159;97;33;143;newprov 1158;x
1160;224;160;16;newprov 1159;x
1161;80;208;96;newprov 1160;x
1162;240;64;224;newprov 1161;x
1163;224;128;97;newprov 1162;x
1164;51;9;23;newprov 1163;x
1165;91;160;17;newprov 1164;x
1166;160;156;48;newprov 1165;x
1167;17;208;224;newprov 1166;x
1168;80;80;224;newprov 1167;x
1169;144;160;144;newprov 1168;x
1170;64;144;0;newprov 1169;x
1171;192;223;96;newprov 1170;x
1172;176;80;32;newprov 1171;x
1173;48;208;153;newprov 1172;x
1174;224;160;144;newprov 1173;x
1175;192;144;96;newprov 1174;x
1176;80;208;224;newprov 1175;x
1177;176;33;97;newprov 1176;x
1178;233;198;113;newprov 1177;x
1179;240;17;33;newprov 1178;x
1180;235;152;243;newprov 1179;x
1181;188;4;65;newprov 1180;x
1182;48;64;208;newprov 1181;x
1183;64;144;96;newprov 1182;x
1184;240;224;160;newprov 1183;x
1185;239;96;32;newprov 1184;x
1186;113;65;224;newprov 1185;x
1187;106;84;32;newprov 1186;x
1188;126;6;0;newprov 1187;x
1189;64;160;96;newprov 1188;x
1190;16;253;253;newprov 1189;x
1191;144;143;32;newprov 1190;x
1192;108;110;122;newprov 1191;x
1193;208;208;96;newprov 1192;x
1194;224;160;176;newprov 1193;x
1195;48;131;208;newprov 1194;x
1196;208;112;48;newprov 1195;x
1197;240;17;160;newprov 1196;x
1198;160;0;0;newprov 1197;x
1199;192;16;96;newprov 1198;x
1200;160;160;33;newprov 1199;x
1201;68;112;45;newprov 1200;x
1202;192;16;0;newprov 1201;x
1203;32;96;96;newprov 1202;x
1204;121;104;94;newprov 1203;x
1205;165;48;208;newprov 1204;x
1206;79;220;250;newprov 1205;x
1207;224;64;0;newprov 1206;x
1208;80;251;251;newprov 1207;x
1209;223;222;155;newprov 1208;x
1210;160;144;96;newprov 1209;x
1211;49;224;224;newprov 1210;x
1212;144;103;32;newprov 1211;x
1213;70;75;138;newprov 1212;x
1214;33;96;176;newprov 1213;x
1215;77;32;144;newprov 1214;x
1216;116;208;48;newprov 1215;x
1217;145;48;160;newprov 1216;x
1218;92;0;126;newprov 1217;x
1219;32;106;45;newprov 1218;x
1220;96;80;224;newprov 1219;x
1221;191;48;32;newprov 1220;x
1222;75;220;250;newprov 1221;x
1223;208;96;16;newprov 1222;x
1224;64;176;32;newprov 1223;x
1225;132;132;55;newprov 1224;x
1226;112;17;160;newprov 1225;x
1227;192;32;224;newprov 1226;x
1228;223;191;96;newprov 1227;x
1229;192;224;224;newprov 1228;x
1230;32;160;32;newprov 1229;x
1231;100;87;74;newprov 1230;x
1232;176;223;223;newprov 1231;x
1233;113;224;97;newprov 1232;x
1234;144;224;144;newprov 1233;x
1235;6;0;126;newprov 1234;x
1236;240;97;97;newprov 1235;x
1237;74;200;250;newprov 1236;x
1238;112;144;32;newprov 1237;x
1239;13;200;200;newprov 1238;x
1240;64;188;224;newprov 1239;x
1241;18;203;253;newprov 1240;x
1242;224;32;48;newprov 1241;x
1243;224;33;17;newprov 1242;x
1244;32;159;16;newprov 1243;x
1245;120;88;73;newprov 1244;x
1246;192;144;0;newprov 1245;x
1247;240;144;33;newprov 1246;x
1248;63;48;208;newprov 1247;x
1249;96;208;96;newprov 1248;x
1250;100;33;176;newprov 1249;x
1251;33;160;160;newprov 1250;x
1252;33;224;48;newprov 1251;x
1253;224;208;96;newprov 1252;x
1254;128;144;128;newprov 1253;x
1255;177;238;116;newprov 1254;x
1256;96;80;96;newprov 1255;x
1257;160;97;175;newprov 1256;x
1258;119;129;55;newprov 1257;x
1259;71;179;40;newprov 1258;x
1260;223;160;48;newprov 1259;x
1261;33;17;224;newprov 1260;x
1262;64;32;223;newprov 1261;x
1263;224;80;96;newprov 1262;x
1264;54;94;143;newprov 1263;x
1265;14;99;42;newprov 1264;x
1266;224;102;64;newprov 1265;x
1267;224;80;224;newprov 1266;x
1268;201;203;192;newprov 1267;x
1269;160;33;32;newprov 1268;x
1270;48;208;127;newprov 1269;x
1271;160;80;224;newprov 1270;x
1272;215;224;64;newprov 1271;x
1273;113;224;224;newprov 1272;x
1274;141;100;98;newprov 1273;x
1275;112;96;96;newprov 1274;x
1276;93;12;151;newprov 1275;x
1277;96;208;224;newprov 1276;x
1278;199;236;203;newprov 1277;x
1279;64;223;223;newprov 1278;x
1280;48;176;208;newprov 1279;x
1281;80;163;135;newprov 1280;x
1282;0;1;255;newprov 1281;x
1283;64;16;128;newprov 1282;x
1284;194;180;131;newprov 1283;x
1285;224;17;224;newprov 1284;x
1286;236;202;199;newprov 1285;x
1287;121;202;202;newprov 1286;x
1288;96;16;224;newprov 1287;x
1289;97;144;96;newprov 1288;x
1290;192;96;208;newprov 1289;x
1291;224;17;96;newprov 1290;x
1292;176;224;96;newprov 1291;x
1293;25;224;204;newprov 1292;x
1294;240;97;224;newprov 1293;x
1295;160;128;0;newprov 1294;x
1296;58;125;63;newprov 1295;x
1297;0;126;0;newprov 1296;x
1298;160;32;160;newprov 1297;x
1299;53;103;119;newprov 1298;x
1300;142;248;149;newprov 1299;x
1301;112;32;223;newprov 1300;x
1302;52;208;48;newprov 1301;x
1303;224;208;224;newprov 1302;x
1304;128;176;32;newprov 1303;x
1305;224;160;33;newprov 1304;x
1306;122;22;121;newprov 1305;x
1307;112;160;114;newprov 1306;x
1308;204;189;25;newprov 1307;x
1309;160;160;144;newprov 1308;x
1310;128;49;33;newprov 1309;x
1311;224;144;96;newprov 1310;x
1312;79;221;251;newprov 1311;x
1313;64;80;0;newprov 1312;x
1314;0;144;128;newprov 1313;x
1315;223;32;144;newprov 1314;x
1316;80;250;250;newprov 1315;x
1317;97;207;160;newprov 1316;x
1318;97;33;160;newprov 1317;x
1319;26;254;254;newprov 1318;x
1320;240;224;97;newprov 1319;x
1321;17;224;144;newprov 1320;x
1322;65;224;208;newprov 1321;x
1323;0;0;0;newprov 1322;x
1324;0;48;160;newprov 1323;x
1325;201;207;36;newprov 1324;x
1326;32;224;176;newprov 1325;x
1327;191;223;207;newprov 1326;x
1328;192;64;224;newprov 1327;x
1329;102;83;128;newprov 1328;x
1330;160;160;160;newprov 1329;x
1331;224;217;32;newprov 1330;x
1332;153;109;98;newprov 1331;x
1333;122;202;252;newprov 1332;x
1334;158;159;87;newprov 1333;x
1335;240;144;160;newprov 1334;x
1336;224;32;32;newprov 1335;x
1337;128;208;128;newprov 1336;x
1338;166;177;76;newprov 1337;x
1339;33;33;160;newprov 1338;x
1340;112;144;160;newprov 1339;x
1341;113;97;224;newprov 1340;x
1342;96;65;128;newprov 1341;x
1343;153;112;160;newprov 1342;x
1344;128;81;128;newprov 1343;x
1345;187;52;25;newprov 1344;x
1346;192;16;128;newprov 1345;x
1347;0;208;128;newprov 1346;x
1348;96;33;175;newprov 1347;x
1349;97;160;144;newprov 1348;x
1350;160;160;17;newprov 1349;x
1351;224;64;147;newprov 1350;x
1352;96;160;175;newprov 1351;x
1353;71;221;251;newprov 1352;x
1354;175;8;0;newprov 1353;x
1355;96;144;224;newprov 1354;x
1356;192;80;1;newprov 1355;x
1357;176;17;160;newprov 1356;x
1358;131;84;82;newprov 1357;x
1359;33;160;144;newprov 1358;x
1360;224;32;176;newprov 1359;x
1361;160;144;224;newprov 1360;x
1362;0;16;128;newprov 1361;x
1363;160;96;48;newprov 1362;x
1364;97;97;160;newprov 1363;x
1365;48;144;160;newprov 1364;x
1366;159;224;176;newprov 1365;x
1367;160;33;144;newprov 1366;x
1368;1;80;128;newprov 1367;x
1369;128;16;128;newprov 1368;x
1370;224;192;128;newprov 1369;x
1371;72;251;251;newprov 1370;x
1372;64;144;128;newprov 1371;x
1373;64;208;1;newprov 1372;x
1374;160;126;112;newprov 1373;x
1375;223;32;160;newprov 1374;x
1376;65;96;208;newprov 1375;x
1377;159;160;97;newprov 1376;x
1378;192;81;128;newprov 1377;x
1379;0;176;33;newprov 1378;x
1380;192;192;64;newprov 1379;x
1381;192;208;1;newprov 1380;x
1382;191;224;80;newprov 1381;x
1383;160;80;96;newprov 1382;x
1384;0;144;0;newprov 1383;x
1385;0;176;160;newprov 1384;x
1386;70;201;251;newprov 1385;x
1387;176;144;160;newprov 1386;x
1388;32;97;17;newprov 1387;x
1389;195;60;15;newprov 1388;x
1390;128;144;1;newprov 1389;x
1391;1;17;65;newprov 1390;x
1392;224;96;32;newprov 1391;x
1393;64;224;80;newprov 1392;x
1394;128;16;0;newprov 1393;x
1395;96;160;160;newprov 1394;x
1396;112;17;96;newprov 1395;x
1397;192;144;128;newprov 1396;x
1398;97;96;32;newprov 1397;x
1399;33;32;144;newprov 1398;x
1400;20;224;204;newprov 1399;x
1401;0;208;0;newprov 1400;x
1402;223;64;128;newprov 1401;x
1403;81;200;200;newprov 1402;x
1404;64;80;128;newprov 1403;x
1405;96;192;128;newprov 1404;x
1406;223;97;17;newprov 1405;x
1407;49;65;144;newprov 1406;x
1408;192;207;128;newprov 1407;x
1409;32;208;96;newprov 1408;x
1410;96;223;33;newprov 1409;x
1411;198;165;203;newprov 1410;x
1412;32;144;224;newprov 1411;x
1413;160;208;96;newprov 1412;x
1414;128;16;64;newprov 1413;x
1415;229;223;59;newprov 1414;x
1416;160;128;160;newprov 1415;x
1417;96;108;224;newprov 1416;x
1418;6;156;13;newprov 1417;x
1419;176;143;96;newprov 1418;x
1420;146;112;46;newprov 1419;x
1421;240;224;223;newprov 1420;x
1422;135;15;24;newprov 1421;x
1423;32;224;144;newprov 1422;x
1424;49;144;96;newprov 1423;x
1425;65;208;128;newprov 1424;x
1426;0;80;0;newprov 1425;x
1427;201;16;223;newprov 1426;x
1428;128;80;0;newprov 1427;x
1429;32;128;64;newprov 1428;x
1430;32;80;96;newprov 1429;x
1431;160;16;223;newprov 1430;x
1432;155;198;155;newprov 1431;x
1433;207;181;75;newprov 1432;x
1434;224;144;224;newprov 1433;x
1435;1;144;65;newprov 1434;x
1436;128;176;160;newprov 1435;x
1437;128;81;64;newprov 1436;x
1438;176;208;160;newprov 1437;x
1439;29;127;94;newprov 1438;x
1440;176;17;96;newprov 1439;x
1441;223;96;176;newprov 1440;x
1442;49;97;224;newprov 1441;x
1443;224;96;223;newprov 1442;x
1444;96;96;17;newprov 1443;x
1445;16;167;223;newprov 1444;x
1446;176;144;224;newprov 1445;x
1447;21;254;204;newprov 1446;x
1448;128;208;65;newprov 1447;x
1449;33;223;33;newprov 1448;x
1450;48;223;96;newprov 1449;x
1451;80;160;144;newprov 1450;x
1452;1;208;65;newprov 1451;x
1453;65;144;192;newprov 1452;x
1454;204;166;63;newprov 1453;x
1455;123;222;252;newprov 1454;x
1456;124;252;252;newprov 1455;x
1457;224;80;160;newprov 1456;x
1458;96;80;160;newprov 1457;x
1459;160;224;33;newprov 1458;x
1460;128;240;96;newprov 1459;x
1461;128;144;64;newprov 1460;x
1462;192;144;65;newprov 1461;x
1463;32;80;224;newprov 1462;x
1464;1;112;224;newprov 1463;x
1465;160;0;192;newprov 1464;x
1466;223;160;160;newprov 1465;x
1467;128;144;191;newprov 1466;x
1468;1;80;64;newprov 1467;x
1469;191;48;223;newprov 1468;x
1470;176;182;74;newprov 1469;x
1471;0;240;96;newprov 1470;x
1472;192;16;64;newprov 1471;x
1473;192;144;192;newprov 1472;x
1474;77;201;201;newprov 1473;x
1475;112;81;32;newprov 1474;x
1476;94;75;130;newprov 1475;x
1477;77;200;200;newprov 1476;x
1478;48;143;223;newprov 1477;x
1479;160;223;160;newprov 1478;x
1480;65;176;224;newprov 1479;x
1481;128;112;96;newprov 1480;x
1482;70;134;38;newprov 1481;x
1483;0;176;223;newprov 1482;x
1484;192;176;96;newprov 1483;x
1485;86;200;250;newprov 1484;x
1486;160;224;144;newprov 1485;x
1487;128;176;224;newprov 1486;x
1488;0;143;191;newprov 1487;x
1489;191;209;89;newprov 1488;x
1490;16;50;223;newprov 1489;x
1491;0;112;96;newprov 1490;x
1492;128;176;96;newprov 1491;x
1493;69;201;201;newprov 1492;x
1494;224;197;48;newprov 1493;x
1495;191;112;96;newprov 1494;x
1496;160;0;64;newprov 1495;x
1497;192;176;224;newprov 1496;x
1498;82;200;250;newprov 1497;x
1499;90;174;66;newprov 1498;x
1500;64;48;224;newprov 1499;x
1501;192;49;96;newprov 1500;x
1502;160;96;32;newprov 1501;x
1503;176;16;223;newprov 1502;x
1504;9;6;150;newprov 1503;x
1505;32;96;32;newprov 1504;x
1506;73;201;201;newprov 1505;x
1507;65;176;96;newprov 1506;x
1508;128;48;223;newprov 1507;x
1509;76;251;251;newprov 1508;x
1510;128;49;96;newprov 1509;x
1511;192;240;160;newprov 1510;x
1512;10;120;195;newprov 1511;x
1513;80;90;224;newprov 1512;x
1514;128;112;223;newprov 1513;x
1515;1;48;224;newprov 1514;x
1516;32;128;192;newprov 1515;x
1517;191;16;191;newprov 1516;x
1518;239;80;32;newprov 1517;x
1519;128;240;160;newprov 1518;x
1520;18;78;140;newprov 1519;x
1521;133;33;4;newprov 1520;x
1522;1;240;160;newprov 1521;x
1523;1;176;96;newprov 1522;x
1524;160;96;160;newprov 1523;x
1525;168;54;22;newprov 1524;x
1526;112;208;32;newprov 1525;x
1527;192;112;160;newprov 1526;x
1528;33;223;160;newprov 1527;x
1529;86;39;160;newprov 1528;x
1530;48;16;224;newprov 1529;x
1531;64;239;160;newprov 1530;x
1532;128;112;160;newprov 1531;x
1533;128;17;192;newprov 1532;x
1534;192;112;32;newprov 1533;x
1535;96;224;176;newprov 1534;x
1536;83;220;250;newprov 1535;x
1537;192;81;65;newprov 1536;x
1538;160;128;64;newprov 1537;x
1539;74;201;251;newprov 1538;x
1540;64;112;160;newprov 1539;x
1541;126;75;224;newprov 1540;x
1542;85;200;200;newprov 1541;x
1543;64;112;32;newprov 1542;x
1544;128;112;32;newprov 1543;x
1545;168;78;97;newprov 1544;x
1546;112;208;160;newprov 1545;x
1547;214;144;224;newprov 1546;x
1548;125;202;202;newprov 1547;x
1549;240;208;33;newprov 1548;x
1550;239;208;160;newprov 1549;x
1551;1;112;160;newprov 1550;x
1552;193;189;82;newprov 1551;x
1553;192;240;224;newprov 1552;x
1554;128;240;32;newprov 1553;x
1555;78;201;251;newprov 1554;x
1556;1;112;33;newprov 1555;x
1557;65;80;64;newprov 1556;x
1558;202;204;73;newprov 1557;x
1559;4;78;135;newprov 1558;x
1560;191;175;160;newprov 1559;x
1561;1;17;192;newprov 1560;x
1562;112;252;252;newprov 1561;x
1563;1;240;32;newprov 1562;x
1564;112;81;159;newprov 1563;x
1565;223;224;160;newprov 1564;x
1566;239;80;160;newprov 1565;x
1567;84;250;250;newprov 1566;x
1568;126;202;252;newprov 1567;x
1569;208;224;144;newprov 1568;x
1570;192;176;32;newprov 1569;x
1571;65;16;192;newprov 1570;x
1572;78;200;250;newprov 1571;x
1573;35;0;220;newprov 1572;x
1574;75;221;251;newprov 1573;x
1575;65;49;160;newprov 1574;x
1576;179;62;34;newprov 1575;x
1577;113;202;202;newprov 1576;x
1578;138;224;220;newprov 1577;x
1579;84;48;21;newprov 1578;x
1580;132;177;194;newprov 1579;x
1581;192;112;96;newprov 1580;x
1582;64;240;96;newprov 1581;x
1583;223;96;160;newprov 1582;x
1584;192;239;96;newprov 1583;x
1585;64;112;224;newprov 1584;x
1586;0;224;220;newprov 1585;x
1587;87;220;250;newprov 1586;x
1588;96;223;160;newprov 1587;x
1589;64;112;96;newprov 1588;x
1590;138;86;220;newprov 1589;x
1591;111;222;252;newprov 1590;x
1592;192;112;224;newprov 1591;x
1593;174;180;67;newprov 1592;x
1594;96;176;160;newprov 1593;x
1595;240;64;122;newprov 1594;x
1596;64;240;224;newprov 1595;x
1597;69;223;220;newprov 1596;x
1598;32;176;33;newprov 1597;x
1599;14;203;253;newprov 1598;x
1600;208;224;73;newprov 1599;x
1601;89;200;200;newprov 1600;x
1602;88;250;250;newprov 1601;x
1603;168;39;147;newprov 1602;x
1604;208;86;220;newprov 1603;x
1605;70;86;220;newprov 1604;x
1606;3;223;253;newprov 1605;x
1607;69;224;73;newprov 1606;x
1608;223;48;160;newprov 1607;x
1609;160;176;32;newprov 1608;x
1610;42;45;148;newprov 1609;x
1611;48;186;68;newprov 1610;x
1612;112;80;96;newprov 1611;x
1613;96;176;33;newprov 1612;x
1614;0;81;225;newprov 1613;x
1615;34;76;183;newprov 1614;x
1616;110;202;252;newprov 1615;x
1617;114;202;252;newprov 1616;x
1618;33;48;160;newprov 1617;x
1619;176;144;32;newprov 1618;x
1620;49;81;96;newprov 1619;x
1621;4;253;253;newprov 1620;x
1622;192;208;64;newprov 1621;x
1623;176;80;96;newprov 1622;x
1624;46;81;8;newprov 1623;x
1625;115;222;252;newprov 1624;x
1626;160;48;160;newprov 1625;x
1627;126;51;149;newprov 1626;x
1628;104;1;74;newprov 1627;x
1629;48;208;96;newprov 1628;x
1630;19;204;254;newprov 1629;x
1631;32;176;160;newprov 1630;x
1632;90;44;151;newprov 1631;x
1633;96;49;160;newprov 1632;x
1634;224;49;33;newprov 1633;x
1635;64;240;89;newprov 1634;x
1636;112;105;64;newprov 1635;x
1637;224;176;32;newprov 1636;x
1638;89;155;157;newprov 1637;x
1639;66;176;32;newprov 1638;x
1640;173;52;37;newprov 1639;x
1641;143;84;64;newprov 1640;x
1642;127;222;252;newprov 1641;x
1643;49;81;224;newprov 1642;x
1644;90;200;250;newprov 1643;x
1645;160;176;160;newprov 1644;x
1646;185;67;175;newprov 1645;x
1647;176;208;96;newprov 1646;x
1648;91;92;34;newprov 1647;x
1649;44;81;151;newprov 1648;x
1650;128;240;224;newprov 1649;x
1651;6;183;195;newprov 1650;x
1652;149;170;163;newprov 1651;x
1653;1;240;224;newprov 1652;x
1654;67;185;159;newprov 1653;x
1655;49;208;224;newprov 1654;x
1656;240;17;96;newprov 1655;x
1657;160;127;191;newprov 1656;x
1658;176;208;224;newprov 1657;x
1659;0;150;25;newprov 1658;x
1660;240;81;223;newprov 1659;x
1661;17;49;160;newprov 1660;x
1662;185;67;89;newprov 1661;x
1663;144;49;160;newprov 1662;x
1664;144;176;33;newprov 1663;x
1665;34;155;0;newprov 1664;x
1666;20;253;253;newprov 1665;x
1667;35;36;110;newprov 1666;x
1668;91;220;250;newprov 1667;x
1669;160;240;32;newprov 1668;x
1670;81;240;160;newprov 1669;x
1671;224;240;33;newprov 1670;x
1672;160;240;160;newprov 1671;x
1673;33;112;33;newprov 1672;x
1674;112;208;224;newprov 1673;x
1675;208;112;160;newprov 1674;x
1676;224;112;32;newprov 1675;x
1677;160;112;32;newprov 1676;x
1678;208;240;160;newprov 1677;x
1679;105;96;73;newprov 1678;x
1680;17;176;160;newprov 1679;x
1681;144;176;160;newprov 1680;x
1682;0;42;20;newprov 1681;x
1683;97;240;33;newprov 1682;x
1684;1;254;224;newprov 1683;x
1685;160;160;80;newprov 1684;x
1686;42;96;179;newprov 1685;x
1687;81;112;160;newprov 1686;x
1688;96;112;32;newprov 1687;x
1689;33;240;32;newprov 1688;x
1690;80;240;32;newprov 1689;x
1691;16;176;33;newprov 1690;x
1692;116;86;71;newprov 1691;x
1693;33;33;208;newprov 1692;x
1694;22;204;224;newprov 1693;x
1695;160;150;149;newprov 1694;x
1696;224;239;160;newprov 1695;x
1697;52;106;80;newprov 1696;x
1698;144;48;96;newprov 1697;x
1699;239;208;223;newprov 1698;x
1700;160;176;96;newprov 1699;x
1701;33;160;208;newprov 1700;x
1702;32;160;80;newprov 1701;x
1703;173;155;1;newprov 1702;x
1704;80;112;32;newprov 1703;x
1705;42;3;78;newprov 1704;x
1706;176;80;223;newprov 1705;x
1707;160;33;208;newprov 1706;x
1708;13;203;203;newprov 1707;x
1709;208;112;32;newprov 1708;x
1710;97;240;160;newprov 1709;x
1711;73;51;127;newprov 1710;x
1712;116;252;252;newprov 1711;x
1713;144;48;32;newprov 1712;x
1714;208;49;32;newprov 1713;x
1715;92;250;250;newprov 1714;x
1716;160;32;80;newprov 1715;x
1717;97;112;160;newprov 1716;x
1718;16;176;96;newprov 1717;x
1719;5;203;203;newprov 1718;x
1720;2;204;254;newprov 1719;x
1721;109;202;202;newprov 1720;x
1722;31;240;159;newprov 1721;x
1723;7;223;253;newprov 1722;x
1724;144;112;33;newprov 1723;x
1725;144;240;160;newprov 1724;x
1726;126;36;19;newprov 1725;x
1727;32;112;160;newprov 1726;x
1728;42;153;153;newprov 1727;x
1729;132;192;69;newprov 1728;x
1730;207;240;32;newprov 1729;x
1731;17;240;160;newprov 1730;x
1732;171;173;177;newprov 1731;x
1733;160;112;160;newprov 1732;x
1734;160;160;208;newprov 1733;x
1735;224;112;160;newprov 1734;x
1736;223;32;80;newprov 1735;x
1737;160;16;0;newprov 1736;x
1738;17;112;33;newprov 1737;x
1739;96;80;33;newprov 1738;x
1740;205;208;160;newprov 1739;x
1741;93;200;200;newprov 1740;x
1742;17;112;160;newprov 1741;x
1743;144;112;160;newprov 1742;x
1744;208;176;33;newprov 1743;x
1745;144;240;32;newprov 1744;x
1746;96;32;80;newprov 1745;x
1747;81;176;33;newprov 1746;x
1748;51;127;108;newprov 1747;x
1749;35;172;111;newprov 1748;x
1750;102;51;127;newprov 1749;x
1751;208;176;160;newprov 1750;x
1752;160;49;96;newprov 1751;x
1753;84;33;146;newprov 1752;x
1754;96;16;0;newprov 1753;x
1755;126;76;76;newprov 1754;x
1756;80;49;160;newprov 1755;x
1757;173;34;110;newprov 1756;x
1758;88;84;136;newprov 1757;x
1759;107;222;252;newprov 1758;x
1760;80;176;160;newprov 1759;x
1761;108;252;252;newprov 1760;x
1762;42;84;98;newprov 1761;x
1763;160;168;224;newprov 1762;x
1764;33;176;96;newprov 1763;x
1765;33;48;96;newprov 1764;x
1766;32;112;224;newprov 1765;x
1767;17;240;32;newprov 1766;x
1768;0;253;253;newprov 1767;x
1769;19;223;253;newprov 1768;x
1770;106;202;252;newprov 1769;x
1771;117;202;202;newprov 1770;x
1772;192;208;192;newprov 1771;x
1773;84;87;226;newprov 1772;x
1774;208;49;160;newprov 1773;x
1775;118;202;252;newprov 1774;x
1776;224;176;160;newprov 1775;x
1777;168;147;152;newprov 1776;x
1778;126;144;24;newprov 1777;x
1779;94;200;250;newprov 1778;x
1780;208;176;223;newprov 1779;x
1781;239;80;96;newprov 1780;x
1782;12;253;253;newprov 1781;x
1783;226;233;43;newprov 1782;x
1784;0;210;140;newprov 1783;x
1785;0;253;254;newprov 1784;x
1786;127;203;253;newprov 1785;x
1787;224;176;224;newprov 1786;x
1788;48;176;160;newprov 1787;x
1789;11;223;253;newprov 1788;x
1790;111;17;112;newprov 1789;x
1791;96;176;223;newprov 1790;x
1792;35;18;146;newprov 1791;x
1793;32;144;128;newprov 1792;x
1794;224;1;65;newprov 1793;x
1795;96;48;96;newprov 1794;x
1796;130;87;9;newprov 1795;x
1797;17;112;96;newprov 1796;x
1798;160;48;224;newprov 1797;x
1799;97;200;200;newprov 1798;x
1800;95;220;250;newprov 1799;x
1801;32;176;224;newprov 1800;x
1802;35;34;255;newprov 1801;x
1803;160;112;96;newprov 1802;x
1804;32;112;96;newprov 1803;x
1805;144;112;96;newprov 1804;x
1806;32;240;96;newprov 1805;x
1807;217;148;14;newprov 1806;x
1808;119;222;252;newprov 1807;x
1809;223;48;223;newprov 1808;x
1810;224;48;96;newprov 1809;x
1811;176;49;33;newprov 1810;x
1812;17;240;96;newprov 1811;x
1813;176;48;160;newprov 1812;x
1814;55;223;253;newprov 1813;x
1815;95;223;253;newprov 1814;x
1816;53;203;203;newprov 1815;x
